{
    "0": 0.28669548705102826,
    "1": 0.09178723583751634,
    "2": 0.009905716672633966,
    "3": 0.0019186185946118795,
    "4": 0.03527134844774469,
    "5": 0.010678662233522394,
    "6": 0.005506736965436438,
    "7": 0.0064924782264449725,
    "8": 0.01291373624190408,
    "9": 0.009691629955947136,
    "A": 0.08,
    "B": 0.09722222222222222,
    "C": 0.004310344827586207,
    "D": 0.05120967741935484,
    "E": 0.03571428571428571,
    "F": 0.009717062017719349,
    "G": 0.10722950024260068,
    "H": 0.02926057730328193,
    "I": 0.015666666666666666,
    "J": 0.009475866153390583,
    "K": 0.038868248070877395,
    "L": 0.02646968297937827,
    "M": 0.008571428571428572,
    "N": 0.06001154068090017,
    "O": 0.007732755954222085,
    "P": 0.0037142857142857142,
    "Q": 0.07333333333333333,
    "S": 0.015736766809728183,
    "T": 0.016576164618462418,
    "U": 0.0032751091703056767
}