{
    "0": 0.00909054179629106,
    "1": 4.218163411650567e-05,
    "2": 0.0031029955841985917,
    "3": 0.00039971220721080823,
    "4": 0.00015799036258788213,
    "5": 0.006610600430275768,
    "6": 0.0004296035930482328,
    "7": 0.0007125890736342043,
    "8": 0.013112409107164144,
    "9": 0.00040048057669203043,
    "A": 0.028,
    "B": 0.3333333333333333,
    "C": 0.004310344827586207,
    "D": 0.012096774193548387,
    "E": 0.0,
    "F": 0.0005715918833952558,
    "G": 0.5565259582726831,
    "H": 0.0,
    "I": 0.0,
    "J": 0.0,
    "K": 0.0002857959416976279,
    "L": 0.0018467220683287165,
    "M": 0.008,
    "N": 0.03087132140796307,
    "O": 0.0003093102381688834,
    "P": 0.00028571428571428574,
    "Q": 0.23333333333333334,
    "S": 0.0,
    "T": 0.0005715918833952558,
    "U": 0.001819505094614265
}