{
    "0": 0.00909054179629106,
    "1": 4.218163411650567e-05,
    "2": 0.0031029955841985917,
    "3": 0.00039971220721080823,
    "4": 0.00015799036258788213,
    "5": 0.006610600430275768,
    "6": 0.0004296035930482328,
    "7": 0.0007125890736342043,
    "8": 0.013112409107164144,
    "9": 0.00040048057669203043
}