{
    "0": 0.4480223021292069,
    "1": 0.17505378158349855,
    "2": 0.01245176433146358,
    "3": 0.001798704932448637,
    "4": 0.030492139979461253,
    "5": 0.012008605515353021,
    "6": 0.012536613942589338,
    "7": 0.013776722090261283,
    "8": 0.0082250566217666,
    "9": 0.0032438926712054466
}