{
    "0": 0.4480223021292069,
    "1": 0.17505378158349855,
    "2": 0.01245176433146358,
    "3": 0.001798704932448637,
    "4": 0.030492139979461253,
    "5": 0.012008605515353021,
    "6": 0.012536613942589338,
    "7": 0.013776722090261283,
    "8": 0.0082250566217666,
    "9": 0.0032438926712054466,
    "A": 0.148,
    "B": 0.041666666666666664,
    "C": 0.008620689655172414,
    "D": 0.07620967741935483,
    "E": 0.0,
    "F": 0.01771934838525293,
    "G": 0.06356137797185832,
    "H": 0.046263345195729534,
    "I": 0.013333333333333334,
    "J": 0.01450992004737933,
    "K": 0.02314947127750786,
    "L": 0.06709756848261003,
    "M": 0.007714285714285714,
    "N": 0.0499134448932487,
    "O": 0.01453758119393752,
    "P": 0.013428571428571429,
    "Q": 0.06,
    "S": 0.008297567954220314,
    "T": 0.012003429551300371,
    "U": 0.005094614264919942
}