{
    "0": 0.28669548705102826,
    "1": 0.09178723583751634,
    "2": 0.009905716672633966,
    "3": 0.0019186185946118795,
    "4": 0.03527134844774469,
    "5": 0.010678662233522394,
    "6": 0.005506736965436438,
    "7": 0.0064924782264449725,
    "8": 0.01291373624190408,
    "9": 0.009691629955947136
}