{
    "0": 0.10726839319623449,
    "1": 0.10271227907369132,
    "2": 0.009070294784580499,
    "3": 0.0022783595811016067,
    "4": 0.0025673433920530846,
    "5": 0.0009387834930569138,
    "6": 0.00019527436047646945,
    "7": 0.017022961203483768,
    "8": 0.0174037429967815,
    "9": 0.00020024028834601522,
    "A": 0.218,
    "B": 0.06944444444444445,
    "C": 0.008620689655172414,
    "D": 0.008064516129032258,
    "E": 0.07142857142857142,
    "F": 0.0002857959416976279,
    "G": 0.023774866569626393,
    "H": 0.013444049031237644,
    "I": 0.28933333333333333,
    "J": 0.0005922416345869114,
    "K": 0.007430694484138326,
    "L": 0.028931979070483227,
    "M": 0.0074285714285714285,
    "N": 0.02567801500288517,
    "O": 0.04299412310547479,
    "P": 0.0,
    "Q": 0.04666666666666667,
    "S": 0.045493562231759654,
    "T": 0.002286367533581023,
    "U": 0.002547307132459971
}