{
    "0": 0.04694759807684538,
    "1": 0.013498122917281816,
    "2": 0.003938417472252059,
    "3": 0.0005595970900951316,
    "4": 0.009360928983332018,
    "5": 0.00023469587326422844,
    "6": 3.905487209529389e-05,
    "7": 0.017339667458432306,
    "8": 0.008264791194818611,
    "9": 0.001882258710452543,
    "A": 0.154,
    "B": 0.0,
    "C": 0.0,
    "D": 0.0008064516129032258,
    "E": 0.0,
    "F": 0.005144326950557302,
    "G": 0.0019408054342552159,
    "H": 0.045472518782127325,
    "I": 0.6573333333333333,
    "J": 0.0005922416345869114,
    "K": 0.002000571591883395,
    "L": 0.07479224376731301,
    "M": 0.0,
    "N": 0.06001154068090017,
    "O": 0.02907516238787504,
    "P": 0.0,
    "Q": 0.006666666666666667,
    "S": 0.012303290414878397,
    "T": 0.0017147756501857674,
    "U": 0.009097525473071324
}