{
    "0": 0.2201931235101612,
    "1": 0.03437803180495212,
    "2": 0.004415801408282611,
    "3": 0.001998561036054041,
    "4": 0.011138320562445691,
    "5": 0.006532368472521025,
    "6": 0.0014450302675258738,
    "7": 0.0027315914489311165,
    "8": 0.008105852902610561,
    "9": 0.00024028834601521826,
    "A": 0.108,
    "B": 0.1111111111111111,
    "C": 0.034482758620689655,
    "D": 0.028629032258064516,
    "E": 0.03571428571428571,
    "F": 0.008859674192626465,
    "G": 0.04997573993207181,
    "H": 0.08738631870304468,
    "I": 0.008666666666666666,
    "J": 0.01391767841279242,
    "K": 0.15490140040011433,
    "L": 0.008618036318867343,
    "M": 0.03942857142857143,
    "N": 0.05856895556837854,
    "O": 0.007114135477884318,
    "P": 0.004285714285714286,
    "Q": 0.013333333333333334,
    "S": 0.004864091559370529,
    "T": 0.009145470134324093,
    "U": 0.018558951965065504
}