{
    "0": 0.2201931235101612,
    "1": 0.03437803180495212,
    "2": 0.004415801408282611,
    "3": 0.001998561036054041,
    "4": 0.011138320562445691,
    "5": 0.006532368472521025,
    "6": 0.0014450302675258738,
    "7": 0.0027315914489311165,
    "8": 0.008105852902610561,
    "9": 0.00024028834601521826
}