{
    "0": 0.10726839319623449,
    "1": 0.10271227907369132,
    "2": 0.009070294784580499,
    "3": 0.0022783595811016067,
    "4": 0.0025673433920530846,
    "5": 0.0009387834930569138,
    "6": 0.00019527436047646945,
    "7": 0.017022961203483768,
    "8": 0.0174037429967815,
    "9": 0.00020024028834601522
}