{
    "0": 0.04694759807684538,
    "1": 0.013498122917281816,
    "2": 0.003938417472252059,
    "3": 0.0005595970900951316,
    "4": 0.009360928983332018,
    "5": 0.00023469587326422844,
    "6": 3.905487209529389e-05,
    "7": 0.017339667458432306,
    "8": 0.008264791194818611,
    "9": 0.001882258710452543
}